,title,id,release_date,popularity,poster_path,genre1,genre2,genre3,genre4,genre5,
0,Sing,335797,11/23/2016,52.849585,/eSVtBB2PVFbQiFWC7CQi3EjIZnn.jpg,16,35,18,10751,10402,
1,Split,381288,11/15/2016,31.706741,/rXMWOZiCt6eMX22jWuTOSdQ98bY.jpg,27,53,,,,
2,Fantastic Beasts and Where to Find Them,259316,11/16/2016,29.288592,/dXwbjYyZH1Se0IS3oVcPdvueLKd.jpg,28,12,14,,,
3,Rogue One: A Star Wars Story,330459,12/14/2016,27.319649,/qjiskwlV1qQzRCjpV0cL9pEMF9a.jpg,28,18,878,10752,,
4,Deadpool,293660,2/9/2016,26.911966,/inVq3FRqcYIRl2la8iZikYYxFNR.jpg,28,12,35,10749,,
5,Arrival,329865,11/10/2016,24.419754,/hLudzvGfpi6JlwUnsNhXwKKg4j.jpg,53,18,878,9648,,
6,Boyka: Undisputed IV,348893,9/22/2016,23.937588,/mWiqc87iTs1qujxm2Q0NRzGvWSN.jpg,28,,,,,
7,La La Land,313369,11/29/2016,22.647795,/ylXCdC106IKiarftHkcacasaAcb.jpg,35,18,10402,10749,,
8,Doctor Strange,284052,10/25/2016,21.525291,/4PiiNGXj1KENTmCBHeN6Mskj2Fq.jpg,28,12,14,878,,
9,Tomorrow Everything Starts,382591,12/7/2016,18.380327,/muwaDIv5cLv2Z07CZFWOsL7lYuO.jpg,18,35,,,,
10,Captain America: Civil War,271110,4/27/2016,17.499524,/kSBXou5Ac7vEqKd97wotJumyJvU.jpg,12,28,878,,,
11,Finding Dory,127380,6/16/2016,15.527287,/z09QAf8WbZncbitewNk6lKYMZsh.jpg,12,16,35,10751,,
12,Collateral Beauty,345920,12/6/2016,14.330866,/9tFRalU3JmZHddgYVL0BypWRpbb.jpg,18,10749,,,,
13,X-Men: Apocalypse,246655,5/18/2016,13.910023,/zSouWWrySXshPCT4t3UKCQGayyo.jpg,28,12,14,878,,
14,Passengers,274870,12/21/2016,12.852363,/5gJkVIVU7FDp7AfRAbPSvvdbre2.jpg,12,18,10749,878,,
15,Why Him?,356305,12/22/2016,12.038857,/eezFoKz7bXgdbjeieeCYJFXPKSu.jpg,35,,,,,
16,Underworld: Blood Wars,346672,11/28/2016,11.715949,/nHXiMnWUAUba2LZ0dFkNDVdvJ1o.jpg,28,27,,,,
17,Suicide Squad,297761,8/2/2016,11.287056,/e1mjopzAS2KNsvpbpahQ1a6SkSn.jpg,28,80,14,878,,
18,Hacksaw Ridge,324786,10/7/2016,11.253515,/bndiUFfJxNd2fYx8XO610L9a07m.jpg,18,36,10752,,,
19,Assassin's Creed,121856,12/21/2016,10.678701,/tIKFBxBZhSXpIITiiB5Ws8VGXjt.jpg,28,12,14,878,,
20,The Founder,310307,11/24/2016,10.573995,/fxvlzT7yyKiZneTDPwk85BSw1JF.jpg,18,36,,,,
21,Zootopia,269149,2/11/2016,10.491169,/sM33SANp9z6rXW8Itn7NnG1GOEs.jpg,16,12,10751,35,,
22,Batman v Superman: Dawn of Justice,209112,3/23/2016,10.381919,/cGOPbv9wA5gEejkUN892JrveARt.jpg,28,12,14,,,
23,Miss Peregrine's Home for Peculiar Children,283366,9/28/2016,10.235136,/AvekzUdI8HZnImdQulmTTmAZXrC.jpg,18,14,12,,,
24,Lion,334543,11/24/2016,9.201019,/dVrpKogkQCNgRjvWrXqW4ZGmPjB.jpg,18,,,,,
25,Manchester by the Sea,334541,11/18/2016,8.78873,/eCLpykDxtAQ0gnS5ERrTo7kP9k9.jpg,18,,,,,
26,Allied,369885,11/17/2016,8.65053,/nzXzLFTnd0Zb3ExfhOxlQgizgSu.jpg,28,18,10752,10749,53,
27,Gold,334524,12/29/2016,8.082828,/d6AipVF4SDYqxGeivfs3yzsNUs7.jpg,12,18,,,,
28,The Accountant,302946,10/14/2016,7.984522,/afhAUuWVB7k7PjJUd4lwO3rzhSq.jpg,80,53,18,,,
29,Hidden Figures,381284,12/10/2016,7.944066,/6cbIDZLfwUTmttXTmNi8Mp3Rnmg.jpg,36,18,,,,
30,Trolls,136799,10/13/2016,7.703141,/zKu5MNy9QW1a5ZHgv7iAp3kRZpE.jpg,12,16,10751,,,
31,The Great Wall,311324,12/16/2016,7.65211,/hm0Z5tpRlSzPO97U5e2Q32Y0Xrb.jpg,28,12,14,,,
32,Hell or High Water,338766,8/12/2016,7.4265,/6YOrNBdoXvT8aC5VPLkkN6t5z0V.jpg,37,80,18,,,
33,Nocturnal Animals,340666,11/4/2016,7.396523,/9Moizj8qxcZK6DqEE1MTO3pQAEw.jpg,18,53,,,,
34,Now You See Me 2,291805,6/2/2016,7.348248,/hU0E130tsGdsYa4K9lc3Xrn5Wyt.jpg,28,12,35,80,9648, 53]
35,Jack Reacher: Never Go Back,343611,10/19/2016,7.294802,/IfB9hy4JH1eH6HEfIgIGORXi5h.jpg,28,80,18,9648,53,
36,Ballerina,342473,12/14/2016,7.26342,/60ZhK1FstSkC9Ms8lRWaTPm55kD.jpg,12,16,35,10751,,
37,Inferno,207932,10/13/2016,7.166861,/oFOG2yIRcluKfTtYbzz71Vj9bgz.jpg,53,,,,,
38,Personal Shopper,340676,10/19/2016,7.039427,/jDOWYDmJvGkVkVHf7Ru66gy6ry8.jpg,18,9648,53,,,
39,Jason Bourne,324668,7/27/2016,7.002672,/aU1PY270BTBUXwAZhgRR2TMUX4u.jpg,28,53,,,,
40,Mine,345009,10/6/2016,6.986889,/8tF76AuOdlA0cCy8Wj1JljTgscr.jpg,53,10752,,,,
41,The Magnificent Seven,333484,9/14/2016,6.920889,/cparcxTFuHdlSOP3MJOpN7Ec9NB.jpg,12,28,37,,,
42,Alice Through the Looking Glass,241259,5/25/2016,6.899445,/7rfucKCjV01OEsGr9grXa34Aywd.jpg,14,,,,,
43,The Edge of Seventeen,376660,11/18/2016,6.72031,/gxK80WUwkQePpXpzRdpob0i7DD5.jpg,35,18,,,,
44,Allegiant,262504,3/9/2016,6.647478,/tSFBh9Ayn5uiwbUK9HvD2lrRgaQ.jpg,12,878,,,,
45,Monster Trucks,262841,12/26/2016,6.573793,/2Vr47xEcWIik5qnaNjSVCKx1REm.jpg,28,35,878,,,
46,The Nice Guys,290250,5/15/2016,6.331817,/2o0EvhUiUvzNbrZgbZvXBen9TcL.jpg,28,35,80,9648,53,
47,Deepwater Horizon,296524,9/29/2016,6.297336,/7D6hM7IR0TbQmNvSZVtEiPM3H5h.jpg,18,28,,,,
48,Your Name.,372058,8/26/2016,6.213775,/xq1Ugd62d23K2knRUx6xxuALTZB.jpg,16,18,14,10749,,
49,Snowden,302401,9/15/2016,5.992045,/mWOotrG1MMKP9iCy2uPepbu27jk.jpg,18,53,,,,
50,Independence Day: Resurgence,47933,6/22/2016,5.952589,/5CHJs479xWnm3zMDOl94VkKS7MZ.jpg,28,12,878,,,
51,Sully,363676,9/7/2016,5.860433,/h6O5OE3ueRVdCc7V7cwTiQocI7D.jpg,18,36,,,,
52,Kung Fu Panda 3,140300,1/23/2016,5.757695,/MZFPacfKzgisnPoJIPEFZUXBBT.jpg,28,12,16,35,10751,
53,The Girl on the Train,346685,10/5/2016,5.740316,/n8WNMt7stqHUZEE7bEtzK4FwrWe.jpg,18,10749,53,,,
54,Warcraft,68735,5/25/2016,5.74011,/ckrTPz6FZ35L5ybjqvkLWzzSLO7.jpg,28,12,14,,,
55,Patriots Day,388399,12/12/2016,5.72295,/cDbEiJIRwFcx2GsClJ1hDUY5Vwj.jpg,18,36,53,,,
56,Ice Age: Collision Course,278154,6/23/2016,5.704692,/gRi7lTBBiRBhn9aJID5MdldcJEJ.jpg,12,16,10751,35,,
57,The Jungle Book,278927,4/7/2016,5.636843,/vOipe2myi26UDwP978hsYOrnUWC.jpg,12,18,14,,,
58,Silence,68730,12/22/2016,5.488523,/sHM6i6se7mwKGRDvW4nQC7dkeKI.jpg,18,36,,,,
59,Ghostbusters,43074,7/14/2016,5.483974,/4qnJ1hsMADxzwnOmnwjZTNp0rKT.jpg,28,14,35,,,
60,Mechanic: Resurrection,278924,8/25/2016,5.46862,/tgfRDJs5PFW20Aoh1orEzuxW8cN.jpg,28,80,53,,,
61,The Autopsy of Jane Doe,397243,12/21/2016,5.452924,/cEPR5dx1XMMvBtuzBIL4rR5xnh5.jpg,27,9648,,,,
62,Paterson,370755,11/17/2016,5.432451,/4mArxZ74xa07yvCkut5cOgdew3S.jpg,35,18,10749,,,
63,A Monster Calls,258230,10/7/2016,5.42938,/vdHUj9cyRe7fIYdJFMyc7elnawC.jpg,18,14,,,,
64,Moonlight,376867,10/21/2016,5.310108,/qAwFbszz0kRyTuXmMeKQZCX3Q2O.jpg,18,,,,,
65,Star Trek Beyond,188927,7/7/2016,5.294272,/mLrQMqyZgLeP8FrT5LCobKAiqmK.jpg,28,12,878,53,,
66,The 5th Wave,299687,1/14/2016,5.264357,/cgxEscv6TQRK6a514FwuJOjcqQ5.jpg,12,878,,,,
67,Me Before You,296096,6/2/2016,5.153385,/oN5lELHH5Xheiy0YdhnY3JB4hx2.jpg,18,10749,,,,
68,Storks,332210,9/22/2016,5.146222,/5qVD5TD1CiALR5vUsMzh2BschVU.jpg,12,16,35,10751,,
69,Captain Fantastic,334533,7/2/2016,4.867367,/fnaGmGCWgGOQjCpM0TqKPZJ5x85.jpg,12,35,18,10749,,
70,Swiss Army Man,347031,6/24/2016,4.843182,/9BdJz7b4WdJul0KVu42YFEgqzyp.jpg,35,18,10749,14,12,
71,Bad Moms,376659,7/28/2016,4.81716,/8sH6LX06JijKQehWo0iSJtbp446.jpg,35,,,,,
72,Office Christmas Party,384682,11/25/2016,4.625975,/7r3w3cPTbNEIr1imb8zXyeIJCJe.jpg,35,,,,,
73,The Secret Life of Pets,328111,6/18/2016,4.570524,/WLQN5aiQG8wc9SeKwixW7pAR8K.jpg,12,16,35,10751,,
74,The Huntsman: Winter's War,290595,4/6/2016,4.561522,/b77l5vmp6PYsc98LE6Uf1mXtmHh.jpg,28,12,18,,,
75,Fences,393457,12/16/2016,4.400154,/yZFBqealET1TunuVvu4YzcM1orT.jpg,18,,,,,
76,Nerve,328387,7/27/2016,4.386884,/uM1dNEmcAeyDGjMcFLlkKOyBgft.jpg,9648,12,80,,,
77,The BFG,267935,6/1/2016,4.292717,/xMvzfhXZdfeLBZZUIQRB4vw1EtA.jpg,12,10751,14,,,
78,The Shallows,332567,6/24/2016,4.266742,/6vuxwCfBejPfUjMxrPgk0ANmVFq.jpg,27,18,53,,,
79,Ben-Hur,271969,8/17/2016,4.234091,/sRxazAAodkAWVPJighRAsls2zCo.jpg,12,18,36,,,
80,Shut In,329981,11/11/2016,4.200242,/qXIGq6ddQhIYe4Z7A86nZ1qjUME.jpg,18,53,,,,
81,The Legend of Tarzan,258489,6/29/2016,4.172668,/6FxOPJ9Ysilpq0IgkrMJ7PubFhq.jpg,28,12,,,,
82,War Dogs,308266,8/17/2016,4.163013,/hmNzppVQq9Qj8Ai8bLIseB5gY51.jpg,35,80,18,,,
83,10 Cloverfield Lane,333371,3/10/2016,4.072882,/aeiVxTSTeGJ2ICf1iSDXkF3ivZp.jpg,878,,,,,
84,Central Intelligence,302699,6/15/2016,4.06303,/9M5ibpQUjoVFjjnP2AdLcof4hAk.jpg,28,35,,,,
85,Emerald Green,337556,7/7/2016,4.047448,/9VIRyID0f42actTRCCPyN0lelKO.jpg,18,14,10749,12,,
86,Keeping Up with the Joneses,331313,10/20/2016,4.022745,/ekg8qeNidEQ1ylHeahLtsTLPe2k.jpg,28,35,,,,
87,Bridget Jones's Baby,95610,9/14/2016,3.978739,/j8di6S3mUuFe5Yz8etRG8yG5EeE.jpg,35,,,,,
88,Don't Breathe,300669,8/25/2016,3.934292,/lw0IqOSMsQcy1QnVIEIDppLmNwk.jpg,80,27,53,,,
89,Sausage Party,223702,7/11/2016,3.915119,/w90cORtNWQAd2k93aFlIBbpQYTC.jpg,12,16,35,14,,
90,London Has Fallen,267860,3/2/2016,3.88269,/9j2AmDhZvdwMyYKpqe4CtBkN1Tw.jpg,28,80,53,,,
91,The Purge: Election Year,316727,6/29/2016,3.802228,/bjOJFjUffRZQpNQ9g3yvc9F6LBM.jpg,28,27,53,,,
92,Triple 9,146198,1/1/2016,3.754893,/dwRHF43p50wLIYAIxrUhLkK3jCI.jpg,53,,,,,
93,Teenage Mutant Ninja Turtles: Out of the Shadows,308531,6/1/2016,3.730027,/5BCpxPLyp4wGcTribpZ6WtNkVJ5.jpg,14,28,12,35,,
94,Pete's Dragon,294272,8/10/2016,3.680201,/3Okhhyunc9QJUHtnglK6p1Rw3W3.jpg,12,10751,14,,,
95,Mischievous Kiss The Movie: High School,416252,11/25/2016,3.647797,/kqSSKIV6hMIMLbU5LkRKJQNQUza.jpg,35,10749,,,,
96,The Angry Birds Movie,153518,5/11/2016,3.547287,/s7jqPeMZRufhisx6o5jN74OH4SC.jpg,28,16,35,10751,,
97,It's Only the End of the World,338189,9/1/2016,3.524654,/xTqy97V5EYtnMWWo2wVpScanpDS.jpg,18,,,,,
98,The Conjuring 2,259693,5/13/2016,3.486152,/pUwdglql8cbztEink0JCgG1TY28.jpg,27,,,,,
99,Piper,399106,6/16/2016,3.450177,/jLRllZsubY8UWpeMyDLVXdRyEWi.jpg,10751,16,,,,
100,Jurassic World,135397,6/9/2015,35.258409,/jjBgi2r5cRt36xF6iNUEhzscEcb.jpg,28,12,878,53,,
101,Mad Max: Fury Road,76341,5/13/2015,24.014738,/kqjL17yufvn9OVLyXYpvtyrFfak.jpg,28,12,878,53,,
102,Furious 7,168259,4/1/2015,13.577915,/dCgm7efXDmiABSdWDHBDBx2jwmn.jpg,28,,,,,
103,Star Wars: The Force Awakens,140607,12/15/2015,12.371749,/weUSwMdQIa3NaXVzwUoIIcAi85d.jpg,28,12,878,14,,
104,Insurgent,262500,3/18/2015,11.657917,/6w1VjTPTjTaA5oNvsAg0y4H6bou.jpg,12,878,53,,,
105,Minions,211672,6/17/2015,11.425079,/q0R4crx2SehcEEQEkYObktdeFy.jpg,10751,16,12,35,,
106,Avengers: Age of Ultron,99861,4/22/2015,10.874108,/t90Y3G8UGQp0f0DrP60wRu9gfrH.jpg,28,12,878,,,
107,The Martian,286217,9/30/2015,10.710758,/5aGhaIHYuQbqlHWvWYqMCnj40y2.jpg,18,12,878,,,
108,Kingsman: The Secret Service,207703,1/29/2015,9.995534,/8x7ej0LnHdKUqilNNJXYOeyB6L9.jpg,80,35,28,12,,
109,Ant-Man,102899,7/14/2015,9.201617,/D6e8RJf2qUstnfkTslTXNTUAlT.jpg,878,28,12,,,
110,Terminator Genisys,87101,6/23/2015,9.151898,/5JU9ytZJyR3zmClGmVm9q4Geqbd.jpg,878,28,53,12,,
111,Pixels,257344,7/16/2015,8.65508,/ktyVmIqfoaJ8w0gDSZyjhhOPpD6.jpg,28,35,878,,,
112,Cinderella,150689,3/12/2015,8.595924,/o1F2aloaOUufHHOsV0laA9aw9N0.jpg,10749,14,10751,18,,
113,Jupiter Ascending,76757,2/4/2015,8.333455,/aMEsvTUklw0uZ3gk3Q6lAj6302a.jpg,878,14,28,12,,
114,Fifty Shades of Grey,216015,2/11/2015,7.456926,/jV8wnk3Jgz6f7degmT3lHNGI2tK.jpg,18,10749,53,,,
115,San Andreas,254128,5/27/2015,7.380205,/qey0tdcOp9kCDdEZuJ87yE3crSe.jpg,28,18,53,,,
116,The Hunger Games: Mockingjay - Part 2,131634,11/18/2015,7.346825,/w93GAiq860UjmgR6tU9h2T24vaV.jpg,28,12,878,,,
117,The Revenant,281957,12/25/2015,7.099498,/oXUWEc5i3wYyFnL1Ycu8ppxxPvs.jpg,37,18,12,53,,
118,Ex Machina,264660,1/21/2015,6.718874,/btbRB7BrD887j5NrvjxceRDmaot.jpg,18,878,,,,
119,Tomorrowland,158852,5/19/2015,6.63828,/69Cz9VNQZy39fUE2g0Ggth6SBTM.jpg,28,10751,878,12,9648,
120,Taken 3,260346,1/1/2015,6.623988,/ikDwR3i2bczqnRf1urJTy77YTFf.jpg,53,28,,,,
121,Chappie,198184,3/4/2015,6.449815,/saF3HtAduvrP9ytXDxSnQJP3oqx.jpg,80,28,878,,,
122,Mission: Impossible - Rogue Nation,177677,7/23/2015,6.384944,/z2sJd1OvAGZLxgjBdSnQoLCfn3M.jpg,28,12,53,,,
123,Spectre,206647,10/26/2015,6.233188,/hE24GYddaxB9MVZl1CaiI86M3kp.jpg,28,12,80,,,
124,The Hateful Eight,273248,12/25/2015,6.227129,/fqe8JxDNO8B8QfOGTdjh6sPCdSC.jpg,80,18,9648,37,,
125,Southpaw,307081,6/15/2015,6.211136,/50d0XQQETSyg3bwBXhC7K33pKgc.jpg,28,18,,,,
126,Inside Out,150540,6/9/2015,5.940262,/aAmfIX3TT40zUHGcCKrlOZRKC7u.jpg,18,35,16,10751,,
127,Ted 2,214756,6/25/2015,5.74367,/A7HtCxFe7Ms8H7e7o2zawppbuDT.jpg,35,,,,,
128,Room,264644,10/16/2015,5.6954,/eqFckcHuFCT1FrzLOAvXBb4jHwq.jpg,18,53,,,,
129,Maze Runner: The Scorch Trials,294254,9/9/2015,5.522555,/vlTPQANjLYTebzFJM1G4KeON0cb.jpg,28,,,,,
130,Straight Outta Compton,277216,8/13/2015,5.14761,/X7S1RtotXOZNV7OlgCfh5VKZSB.jpg,18,10402,,,,
131,Pitch Perfect 2,254470,5/7/2015,4.936489,/eqMkpgTFGSDySzPs5VlvVwhhjfL.jpg,35,10402,,,,
132,Self/less,238615,7/10/2015,4.770763,/5MUyULSD4syaMQFcfPABqopAO4e.jpg,878,9648,53,,,
133,Mortdecai,210860,1/21/2015,4.695664,/56rS3ipzekH2VlHpnH8VOTkKjwR.jpg,35,12,,,,
134,Run All Night,241554,3/11/2015,4.613775,/aqNJrAxudMRNo8jg3HOUQqdl2xr.jpg,28,80,18,9648,53,
135,Blackhat,201088,1/13/2015,4.560177,/sW3VEsulmxMlOmQwm0h7H7lZROi.jpg,80,18,9648,,,
136,Trainwreck,271718,7/17/2015,4.445077,/2USk7mhiCXRkU9NzttXCzOjg2iV.jpg,35,,,,,
137,The Man from U.N.C.L.E.,203801,8/13/2015,4.287055,/5ttOaThDVmTpV8iragbrhdfxEep.jpg,35,28,12,,,
138,Paper Towns,286565,6/18/2015,4.281455,/mIYVDgnzx6Y0f1bSx50cPiBTc2t.jpg,18,9648,10749,,,
139,The Big Short,318846,12/11/2015,4.253929,/p11Ftd4VposrAzthkhF53ifYZRl.jpg,35,18,,,,
140,Bridge of Spies,296098,10/15/2015,4.252094,/xPCNA8zJxyyFKTj47QpvkXHukzB.jpg,53,18,,,,
141,The Age of Adaline,293863,4/16/2015,4.111872,/gEDGROZ4NQDlRjUPPSSyIf0hKvD.jpg,14,18,10749,,,
142,Spotlight,314365,11/6/2015,4.012086,/ngKxbvsn9Si5TYVJfi1EGAGwThU.jpg,18,53,36,,,
143,Spy,238713,5/6/2015,3.886738,/xaOq0BnMHl445iZ4B7szBzaWgjS.jpg,28,35,80,,,
144,Bone Tomahawk,294963,10/23/2015,3.839489,/8A51Ur47D0CNJhmvQlbif0vzyqZ.jpg,27,37,12,18,,
145,Sicario,273481,9/17/2015,3.759091,/p2SdfGmQRaw8xhFbexlHL7srMM8.jpg,28,80,18,9648,53,
146,The Good Dinosaur,105864,11/14/2015,3.721174,/2ZckiMTfSkCep2JTtZbr73tnQbN.jpg,12,16,10751,,,
147,Wild Card,265208,1/14/2015,3.658718,/s5qUhHvFAZZ7Q4r5Dn3GdsfaPKI.jpg,53,80,18,,,
148,Alvin and the Chipmunks: The Road Chip,258509,12/17/2015,3.581169,/Lg83xE4X2EBiXkA1ZCu6dFOjSx.jpg,12,16,35,10751,,
149,Home,228161,3/18/2015,3.571654,/nIvfqZkq4nQmmIwOowRgBLhWoDd.jpg,14,35,16,878,10751,
150,Child 44,181283,3/15/2015,3.532928,/nzXwfnBcsmREzHlem6fkStN1RUH.jpg,80,53,,,,
151,The Witch,310131,3/24/2015,3.50764,/jfGsfzq5JrMAKbAOV2TmhsOs3tf.jpg,9648,27,,,,
152,Creed,312221,11/25/2015,3.481741,/hKzhV274pkZBSpXfCjUyzbyYKLl.jpg,18,,,,,
153,Hardcore Henry,325348,9/12/2015,3.479978,/qfWLO0iXmbvxzyk0ez4pXrgkRDM.jpg,28,12,878,,,
154,The Wedding Ringer,252838,1/16/2015,3.438445,/u3gLkiOpkNb01r7yvrbbOfBJv3R.jpg,35,,,,,
155,Focus,256591,2/25/2015,3.417942,/9IElGiLkxPLUWZ3avy31bNSG3Tq.jpg,10749,35,80,18,,
156,Fantastic Four,166424,8/5/2015,3.404412,/g23cs30dCMiG4ldaoVNP1ucjs6.jpg,28,12,878,,,
157,Irrational Man,282984,7/17/2015,3.40152,/aBHkXfleH4MBTUqrCQYCIGbp9Fd.jpg,9648,18,,,,
158,Ip Man 3,365222,12/19/2015,3.389397,/zy1jQscfEJOk2ElGUDDuYPIWhDp.jpg,28,18,36,,,
159,Poltergeist,243688,5/20/2015,3.386849,/fWOPN0XBvHXFYr3RsPr74qBge2I.jpg,27,53,,,,
160,The Danish Girl,306819,11/27/2015,3.383176,/seWQ6UKCrhGH0eP7dFZvmIBQtKF.jpg,18,,,,,
161,"Hello, My Name Is Doris",320588,11/27/2015,3.350664,/tTX0adZm0qD3covb3Q50680TtXP.jpg,35,18,10749,,,
162,Everest,253412,9/10/2015,3.341014,/t3ELL46AnqjS9djz1vEVh4MpKv0.jpg,12,18,,,,
163,Hotel Transylvania 2,159824,9/21/2015,3.221525,/cFQHMUmxaO3PEDo5lxuQC8MCRIH.jpg,16,35,10751,,,
164,Survivor,334074,5/21/2015,3.157359,/XtvR1aSph7X3wqrE2PY66IPzVi.jpg,80,53,28,,,
165,Pan,266647,9/24/2015,3.155263,/uflLJBg5iVWaPpzc4Qm54HNoGYd.jpg,12,10751,14,,,
166,The Walk,285783,9/30/2015,3.150064,/j38bmdM59GZP7dQtJ4srJqX6zlw.jpg,12,18,53,,,
167,Steve Jobs,321697,10/9/2015,3.142019,/ahUiUaeOE2lvnOy7srxaUJbbvYv.jpg,18,36,,,,
168,The Gift,328425,7/30/2015,3.101235,/chrYVlwpBjlYM80w4bQDZzfNQZf.jpg,53,9648,,,,
169,Every Thing Will Be Fine,246127,4/2/2015,3.054945,/uv0qbWLRTOexuWOOeCXaCvU4UNK.jpg,18,,,,,
170,In the Heart of the Sea,205775,11/20/2015,3.051267,/zVmWh0Zfg4UhbvdGI8LQrn1lQZJ.jpg,53,18,12,28,36,
171,The Intern,257211,9/24/2015,3.049065,/vQ7oVX2j7BnMDYyzuFeG1epqvGb.jpg,35,,,,,
172,Young Mother 3,357458,4/30/2015,3.046976,/bMjI7AnHsZvuewvZSrNqqpWipgd.jpg,35,10749,,,,
173,Eye in the Sky,333352,9/11/2015,3.035667,/7IUUuB9Nwtp2Lslpt4Jo4bzMGoX.jpg,18,53,10752,,,
174,A Walk in the Woods,232572,9/2/2015,3.027738,/ksn8DLsROK4V542Zex9X6AmZL3A.jpg,12,35,18,,,
175,Carol,258480,11/20/2015,2.992713,/AbKa7ANxmui0Jmhh7gV7OSELKIL.jpg,10749,18,,,,
176,The Visit,298312,9/10/2015,2.991881,/32tNtTEQ1vIOLm1hEOSFkVwJT5D.jpg,27,53,,,,
177,The Little Prince,309809,7/29/2015,2.961719,/uUNd8rVnHxhl2DOtaU7itT2vv78.jpg,12,16,14,,,
178,The Boy Next Door,241251,1/23/2015,2.951344,/h28t2JNNGrZx0fIuAw8aHQFhIxR.jpg,53,,,,,
179,Joy,274479,12/24/2015,2.941356,/zNjxzdgSwzRXnP8Stu3HGzKQKWp.jpg,18,35,,,,
180,Knock Knock,263472,6/26/2015,2.932018,/eynMtjBB1fXsB5vsQylVmsDLmvw.jpg,18,27,53,,,
181,The SpongeBob Movie: Sponge Out of Water,228165,2/5/2015,2.925273,/9wChSuUoQDiBKUnGTcYMkzRha60.jpg,10751,16,,,,
182,Paul Blart: Mall Cop 2,256961,4/16/2015,2.913403,/618jhN1vEFHkA3MBrURuBZ7SuID.jpg,28,35,10751,,,
183,Hitman: Agent 47,249070,8/20/2015,2.91322,/4VmZeT8YkuMI6BrA623mHZDISlN.jpg,28,80,53,,,
184,Vacation,296099,7/28/2015,2.886689,/q9kL9WW0Uu4AcfTi5iCLcYzBgnm.jpg,12,35,,,,
185,The Lobster,254320,10/8/2015,2.879795,/5CqVzNF4zEaxHJGptcdHkvSITjQ.jpg,53,35,18,10749,878,
186,Unfriended,277685,4/17/2015,2.800344,/hfEBlhvVWFt61EWjNbjlKdDilBI.jpg,27,53,,,,
187,Nasty Baby,308077,2/8/2015,2.787151,/pfv6kOXulsjx08qREdJIxWDeMKP.jpg,35,18,,,,
188,Macbeth,225728,8/16/2015,2.77289,/417tcPgyz8oatgp1WE0SZZ4Odgl.jpg,36,18,10752,,,
189,Me and Earl and the Dying Girl,308369,6/12/2015,2.767041,/4Zrvc5rddDSHD3JmfkzvAx82wuT.jpg,35,18,,,,
190,Mr. Holmes,280996,6/19/2015,2.766785,/9v25BUcPSxRS3yJ2yd3GHZOtoS8.jpg,18,9648,,,,
191,The Program,271736,9/16/2015,2.744819,/w8sBqGSko8OBsKbK6z7gPvRfp7F.jpg,18,,,,,
192,Sinister 2,283445,8/19/2015,2.733836,/AeJYo2wLVL6NpkHxpWIptGbQD0N.jpg,27,,,,,
193,The Peanuts Movie,227973,11/5/2015,2.720374,/zF6WpDC7fYTx2pqUYUet06buYmB.jpg,16,,,,,
194,Backmask,226458,1/16/2015,2.70423,/lJVquhEiVtUyasS54uoKYHPA5Ei.jpg,53,27,,,,
195,Solace,339527,9/3/2015,2.665067,/4MkNIKVZxYkga4208RXdRZ76zjf.jpg,80,18,9648,,,
196,Project Almanac,227719,1/30/2015,2.636943,/g3Krq7P7pkgjWpzUDA6lrniiSJ7.jpg,878,53,,,,
197,Entourage,188222,6/3/2015,2.590715,/lR4dwcfgCBMklKjiQXuFzRM3gfl.jpg,35,,,,,
198,Maggie,287424,5/8/2015,2.583676,/mFt7Oo3pf8f1BZAdWLyUpYM63aT.jpg,27,,,,,
199,Concussion,321741,11/12/2015,2.543873,/vdK1f9kpY5QEwrAiXs9R7PlerNC.jpg,18,,,,,
